Cast Member,Average Box Office Revenue ($)
Elsie Fisher,970800000.0
Miranda Cosgrove,970800000.0
Dana Gaier,970800000.0
Ian McKellen,956000000.0
Robert Pattinson,829700000.0
Michael Sheen,829700000.0
Billy Burke,829700000.0
Mackenzie Foy,829700000.0
Jordana Brewster,788700000.0
Gina Carano,782600000.0
Morena Baccarin,782600000.0
T. J. Miller,782600000.0
Andrew Garfield,757900000.0
Martin Sheen,757900000.0
Donald Sutherland,755400000.0
Noah Baumbach(screenplay); Ben Stiller,746900000.0
David Schwimmer,746900000.0
Evangeline Lilly,737700000.0
Hannibal Buress,724900000.0
Eric Stonestreet,724900000.0
Cobie Smulders,714400000.0
Andy Serkis,710600000.0
Wes Bentley,694400000.0
Jared Leto,636700000.0
Ray Romano,622650000.0
Craig Ferguson,621500000.0
Ayush Tandon,609000000.0
Gérard Depardieu,609000000.0
Irrfan Khan,609000000.0
Suraj Sharma,609000000.0
Liam Hemsworth,576700000.0
Jemaine Clement,562050000.0
Richard Armitage,558850000.0
Seann William Scott,556000000.0
Kris Wu,553800000.0
Zhang Yuqi,553800000.0
Lin Yun,553800000.0
Show Luo,553800000.0
Deng Chao,553800000.0
Daniella Kertesz,540000000.0
Jennifer Lawrence,533314285.71428573
Ken Watanabe,529000000.0
Aaron Taylor-Johnson,529000000.0
Max Charles,527000000.0
Dustin Hoffman,519900000.0
Sally Field,516600000.0
Diane Lane,516300000.0
Michelle Rodriguez,514450000.0
Bruno Mars,500100000.0
Jeremy Howard,493300000.0
Johnny Knoxville,493300000.0
Noel Fisher,493300000.0
Choi Min-sik,463400000.0
Sacha Baron Cohen,463150000.0
Luke Grimes,461750000.0
Josh Hutcherson,459166666.6666667
Kristen Wiig,457675000.0
Anne Hathaway,452900000.0
Colm Wilkinson,441800000.0
Will Poulter,440650000.0
Queen Latifah,439633333.3333333
Leonardo DiCaprio,436466666.6666667
Jada Pinkett Smith,435550000.0
Travis Fimmel,433500000.0
Michael Fassbender,432575000.0
Paul Walker,428850000.0
Ed Skrein,427600000.0
Bruce Dern,425400000.0
Denis Leary,424933333.3333333
Woody Harrelson,420960000.0
Kristen Stewart,417800000.0
Henry Cavill,416850000.0
Hiroyuki Sanada,414800000.0
Hal Yamanouchi,414800000.0
Tao Okamoto,414800000.0
Jesse Eisenberg,414500000.0
Louis C.K.,411200000.0
Rinko Kikuchi,411000000.0
Ellen McLain,411000000.0
Kodi Smit-McPhee,408850000.0
Halle Berry,408250000.0
Scarlett Johansson,407933333.3333333
Sam Spruell,396600000.0
Ian McShane,396600000.0
Michael Caine,391300000.0
John Rhys-Davies,389900000.0
Paul Freeman,389900000.0
Karen Allen,389900000.0
Steve Martin,386000000.0
Matt Jones,386000000.0
Jing Boran,385200000.0
Elaine Jin,385200000.0
Jiang Wu,385200000.0
Bai Baihe,385200000.0
Giovanni Ribisi,383050000.0
Seth MacFarlane,383050000.0
Vivica A. Fox,382300000.0
Jeff Goldblum,382300000.0
Sela Ward,382300000.0
Rosie Huntington-Whiteley,378400000.0
Hugh Keays-Byrne,378400000.0
Sebastian Stan,377850000.0
Rade Sherbedgia,376100000.0
Ben Affleck,376075000.0
Elodie Yung,375700000.0
Ray Park,375700000.0
Jay Baruchel,373750000.0
Conrad Vernon,373000000.0
Christopher Knights,373000000.0
Tom McGrath,373000000.0
Chris Miller,373000000.0
Kim Dickens,369300000.0
Andy Samberg,368566666.6666667
Simon Pegg,364200000.0
Ricky Gervais,363200000.0
Robin Williams,363200000.0
Justin Bartha,362000000.0
Chris Evans,359400000.0
Neil Patrick Harris,358400000.0
Fran Drescher,358400000.0
Rebecca Ferguson,357000000.0
Tom Skerritt,356800000.0
Val Kilmer,356800000.0
James Tolkan,356800000.0
Kelly McGillis,356800000.0
Matt Damon,350400000.0
Danny DeVito,348800000.0
Taylor Swift,348800000.0
Aml Ameen,348300000.0
Julia Stiles,347900000.0
Tim Gunn,347500000.0
Jayma Mays,347500000.0
Hank Azaria,347500000.0
Nicholas Hoult,346666666.6666667
Rihanna,344500000.0
Ving Rhames,343850000.0
Vin Diesel,343133333.3333333
Martin Freeman,342333333.3333333
Chris Rock,340000000.0
Famke Janssen,339066666.6666667
Margot Robbie,338100000.0
James McAvoy,337750000.0
Sullivan Stapleton,337600000.0
Hans Matheson,337600000.0
Mila Kunis,336800000.0
Isla Fisher,336533333.3333333
Vanessa Hudgens,335300000.0
Jack Black,335050000.0
Thomas Sangster,330300000.0
Kaya Scodelario,330300000.0
Amy Adams,329460000.0
Tom Cruise,328916666.6666667
Elizabeth Banks,326666666.6666667
Jason Clarke,324250000.0
Tom Kenny,323400000.0
Glenn Berger(screenplay),323400000.0
Paul Tibbitt (director),323400000.0
Jonathan Aibel,323400000.0
Jackie Chan,319950000.0
Joel McHale,318650000.0
Emilia Clarke,318400000.0
Samuel L. Jackson,318200000.0
Shannon Kook,318000000.0
Ron Livingston,318000000.0
Lili Taylor,318000000.0
Will Smith,317180000.0
Ki Hong Lee,312300000.0
Dwayne Johnson,309316666.6666667
Luis Guzmán,308950000.0
Catherine Keener,306250000.0
Dolph Lundgren,305400000.0
Randy Couture,305400000.0
Megan Fox,305066666.6666667
Radivoje Bukvić,304700000.0
Yuliya Snigir,304700000.0
Sebastian Koch,304700000.0
Jai Courtney,302900000.0
Bill Hader,301266666.6666667
Luke Evans,300950000.0
Rosamund Pike,297633333.3333333
Jeremy Renner,296800000.0
Eva Green,291550000.0
Adam Sandler,290260000.0
Ryan Reynolds,290128571.4285714
Zoë Kravitz,288900000.0
Hugh Jackman,288775000.0
Matthew Fox,287300000.0
Bill Pullman,287300000.0
Brittany Snow,287100000.0
Skylar Astin,287100000.0
Alan Ritchson,286550000.0
Andrea Riseborough,286200000.0
Alice Braga,286100000.0
Jodie Foster,286100000.0
Wagner Moura,286100000.0
Paula Patton,282700000.0
Selena Gomez,281066666.6666667
Corey Stoll,280350000.0
Juliette Binoche,276950000.0
Rachel Weisz,276100000.0
Ty Burrell,275700000.0
Ariel Winter,275700000.0
Stephen Colbert,275700000.0
David Strathairn,275300000.0
Hal Holbrook,275300000.0
Daniel Day-Lewis,275300000.0
Rob Riggle,275150000.0
James Caan,274300000.0
Charlize Theron,274120000.0
Julianne Moore,273775000.0
Paul Rudd,271800000.0
Christoph Waltz,268950000.0
Ansel Elgort,268150000.0
Leslie Mann,267233333.33333334
Patrick Wilson,266466666.66666666
Elizabeth Olsen,265800000.0
Albert Brooks,262400000.0
Jessica Chastain,262257142.85714287
Angelina Jolie,261600000.0
Clark Duke,261066666.66666666
Emma Stone,259166666.66666666
Eric Ladin,256899999.99999997
Alfre Woodard,256899999.99999997
Brian Howe,256899999.99999997
Annabelle Wallis,256899999.99999997
Theo James,255133333.33333334
Jamie Foxx,254733333.33333334
Mark Ruffalo,253633333.33333334
Jeff Daniels,253400000.0
Keri Russell,252733333.33333334
Mark Wahlberg,251975000.0
Dylan O'Brien,251200000.0
Gary Oldman,250475000.0
Steve Buscemi,250200000.0
Steve Carell,250160000.0
Nicolas Cage,249133333.33333334
John Leguizamo,248016666.66666666
David Spade,247000000.0
Taylor Lautner,247000000.0
Bill Melendez,246200000.0
Noah Johnston,246200000.0
AJ Teece,246200000.0
Noah Schnapp,246200000.0
Hadley Belle Miller,246200000.0
Michelle Monaghan,244900000.0
J. K. Simmons,244800000.0
Will Arnett,244550000.0
Kevin Costner,244366666.66666666
Jackie Earle Haley,244100000.0
Zoe Kravitz,243800000.0
Jaden Smith,243800000.0
Isabelle Fuhrman,243800000.0
Charlie Hunnam,242850000.0
Laura Linney,242500000.0
Brian Tee,242500000.0
Stephen Amell,242500000.0
Joel Kinnaman,241025000.0
Vera Farmiga,240633333.33333334
Linda Cardellini,240400000.0
Sienna Guillory,240200000.0
Boris Kodjoe,240200000.0
Colin Salmon,240200000.0
Milla Jovovich,240200000.0
Nick Offerman,239150000.0
Danny McBride,236450000.0
Brea Bee,236400000.0
Miranda Hart,235700000.0
Benedict Cumberbatch,235466666.66666666
Alyson Hannigan,235000000.0
Jason Biggs,235000000.0
Eugene Levy,235000000.0
Tara Reid,235000000.0
Kimberly Williams-Paisley,234800000.0
Jason Lee,234800000.0
Josh Green,234800000.0
Allen Leech,233600000.0
Keira Knightley,233600000.0
Rory Kinnear,233600000.0
Zach Galifianakis,233450000.0
Tony Hale,232350000.0
Taron Egerton,230300000.0
Sean Bean,229900000.0
Demian Bichir,229900000.0
Kaitlin Olson,229900000.0
Morgan Freeman,228914285.7142857
Anna Faris,226850000.0
Gerard Butler,226440000.0
Zoe Bell,226300000.0
America Ferrera,225433333.33333334
James Badge Dale,223533333.33333334
Michelle Dockery,222800000.0
Lupita Nyong'o,222800000.0
Jennifer Lopez,221800000.0
Tom Hardy,219920000.0
Edgar Ramirez,219500000.0
Chris Pratt,218633333.33333334
Alexia Fast,218300000.0
Guy Pearce,217800000.0
Kate McKinnon,217500000.0
Leslie Jones,217500000.0
Oscar Isaac,217400000.0
Kevin James,217357142.85714287
Ben Foster,217250000.0
Sarah Gadon,217100000.0
William Houston,217100000.0
Samantha Barks,217100000.0
Alec Sulkin,216700000.0
Wellesley Wild(screenplay) Mark Wahlberg,216700000.0
Shailene Woodley,215900000.0
Kevin Hart,214785714.2857143
Mark Strong,214750000.0
Jonah Hill,214550000.0
Toby Kebbell,214300000.0
Russell Crowe,213950000.0
Channing Tatum,213333333.33333334
Mireille Enos,212133333.33333334
Shia LaBeouf,211800000.0
Dan Stevens,211000000.0
Eddie Redmayne,209900000.0
John Cho,208500000.0
Liam Cunningham,208100000.0
Charlie Day,207866666.66666666
Alfred Molina,207400000.0
Mel Gibson,206200000.0
Ed Helms,205800000.0
Idris Elba,205100000.0
James Woods,205000000.0
Maggie Grace,204150000.0
Ramón Rodríguez,203300000.0
Logan Lerman,202500000.0
Yvette Nicole Brown,202200000.0
Mary Birdsong,202200000.0
Corey Hawkins,201600000.0
Aldis Hodge,201600000.0
Jason Mitchell,201600000.0
O'Shea Jackson,201600000.0
Rebel Wilson,201250000.0
Riz Ahmed,199100000.0
Domhnall Gleeson,198850000.0
Jessica Biel,198500000.0
Kate Beckinsale,198500000.0
Dominic Cooper,197680000.0
Jennifer Connelly,196850000.0
Kate Upton,196700000.0
Bryan Cranston,196640000.0
Will Ferrell,196460000.0
Subaru Kimura,196400000.0
Megumi Ohara,196400000.0
Tomokazu Seki,196400000.0
Yumi Kakazu,196400000.0
Wasabi Mizuta,196400000.0
Jenna Coleman,196200000.0
Sam Claflin,196200000.0
Jim Parsons,195750000.0
Angela Bassett,195700000.0
Alon Aboutboul,195700000.0
Anders Holm,194600000.0
Sharlto Copley,194100000.0
Nikolaj Coster-Waldau,193750000.0
Brooklyn Decker,193700000.0
Taylor Kitsch,193000000.0
Marton Csokas,192300000.0
David Harbour,192300000.0
Carey Mulligan,191500000.0
Ken Jeong,190800000.0
Liam Neeson,190277777.7777778
Harrison Ford,189825000.0
Emma Thompson,189175000.0
Matthew McConaughey,189125000.0
Christopher Mintz-Plasse,188900000.0
Jude Law,186800000.0
Vincent Cassel,186100000.0
Brad Pitt,185260000.0
Djimon Hounsou,183100000.0
Nathan Lane,183000000.0
Robert Emms,183000000.0
Michael Peña,180350000.0
John C. Reilly,179400000.0
Tobey Maguire,178200000.0
Arnold Schwarzenegger,178150000.0
Michael Keaton,178100000.0
Naomi Watts,177900000.0
Alexander Skarsgard,177550000.0
Josh Gad,176875000.0
Sylvester Stallone,176775000.0
Oprah Winfrey,176600000.0
Noah Segan,176500000.0
Kristen Schaal,176450000.0
Josh Brolin,175100000.0
Tony Revolori,174800000.0
F. Murray Abraham,174800000.0
Mathieu Amalric,174800000.0
Sienna Miller,174550000.0
Antonio Banderas,174150000.0
Amanda Peet,174000000.0
Bobby Cannavale,173850000.0
Tessa Thompson,173600000.0
Graham McTavish,173600000.0
Tony Bellew,173600000.0
Denzel Washington,173525000.0
Ray Winstone,173500000.0
Zac Efron,173460000.0
Ice Cube,173300000.0
Edward Norton,172200000.0
Tommy Lee Jones,171960000.0
Karl Urban,171650000.0
Bradley Cooper,171412500.0
Zoe Saldana,171400000.0
Chris Pine,170860000.0
Terry Crews,170600000.0
Kathleen Turner,169800000.0
Laurie Holden,169800000.0
Viola Davis,168800000.0
Lizzy Caplan,166100000.0
Austin Stowell,165500000.0
Alan Alda,165500000.0
Amanda Seyfried,163650000.0
Richard Jenkins,163266666.66666666
Zachary Quinto,162650000.0
Ben Stiller,162500000.0
Janet McTeer,162350000.0
Ty Simpkins,161900000.0
Nadine Velazquez,161800000.0
Bruce Greenwood,161800000.0
Peter Dinklage,161750000.0
Jeremy Sumpter,161700000.0
Sarah Wayne Callies,161700000.0
Nathan Kress,161700000.0
Rick Yune,161000000.0
Kate Winslet,161000000.0
Jason Statham,160660000.0
Olga Kurylenko,160500000.0
Seth Rogen,160371428.57142857
Colin Firth,160166666.66666666
Patricia Clarkson,157350000.0
Robert Patrick,156650000.0
Til Schweiger,156500000.0
Bruce Willis,156228571.42857143
Joan Allen,156050000.0
Melissa McCarthy,155857142.85714287
Jennifer Jason Leigh,155800000.0
Tim Roth,155800000.0
Walton Goggins,155800000.0
Kurt Russell,155800000.0
Adam DeVine,155000000.0
Jean Dujardin,155000000.0
Maya Rudolph,154700000.0
Bruce McGill,154500000.0
Douglas Smith,152900000.0
Dave Franco,152300000.0
Ryan Lee,150200000.0
Odeya Rush,150200000.0
Rose Byrne,150000000.0
Paul Dano,149300000.0
Jason Sudeikis,149200000.0
Michael Shannon,148460000.0
Tom Hanks,148000000.0
Lena Headey,147766666.66666666
Paul Giamatti,147700000.0
Emily Blunt,147500000.0
Adrien Brody,147400000.0
Anthony Mackie,147342857.14285713
Daniel Kash,146400000.0
David Fox,146400000.0
Armie Hammer,146400000.0
Garrett Hedlund,145900000.0
Geoffrey Rush,145700000.0
Courtney Eaton,145700000.0
Bridgit Mendler,145600000.0
Carol Burnett,145600000.0
Hailee Steinfeld,145050000.0
Jacki Weaver,143700000.0
Kathryn Newton,142800000.0
Owen Wilson,141650000.0
Bill Nighy,140433333.33333334
Rose Leslie,140400000.0
Elijah Wood,140400000.0
Helena Bonham Carter,138750000.0
Emma Watson,138366666.66666666
Cameron Diaz,138300000.0
Jake Johnson,138200000.0
Damon Wayans,138200000.0
Lin Shaye,137450000.0
Lily Collins,136800000.0
Alan Arkin,136700000.0
Brendan Gleeson,136400000.0
Amy Ryan,135775000.0
David Koepp,135500000.0
Anthony Peckham,135500000.0
Adam Cozad,135500000.0
Steve Zaillian,135500000.0
Alicia Vikander,134600000.0
Chris Hemsworth,133555555.55555555
Religious Bale,133300000.00000001
Dylan McDermott,132950000.0
Fergus Riordan,132600000.0
Violante Placido,132600000.0
Ralph Fiennes,132425000.0
Matthew Goode,132050000.0
Edward James Olmos,131900000.0
Victor Garber,131400000.0
Ciarán Hinds,130550000.0
Jim Sturgess,130500000.0
David Gyasi,130500000.0
Colin Farrell,129025000.0
Liz White,128500000.0
Alisa Khazanova,128500000.0
Anna Kendrick,128420000.0
Levi Miller,128400000.0
Gemma Arterton,128150000.0
Drew Barrymore,128000000.0
Emma Fuhrmann,128000000.0
Melissa Leo,127700000.0
Michael B. Jordan,127175000.0
Alex Russell,126600000.0
Michael Kelly,126600000.0
Dane DeHaan,126600000.0
Craig Robinson,126000000.0
Gabriel Bateman,125900000.0
Alexander DiPersia,125900000.0
Amy Poehler,125300000.0
Alexandra Daddario,124700000.0
Alexander Skarsgård,124233333.33333333
Felicity Jones,123700000.0
David Tennant,123000000.0
Imelda Staunton,123000000.0
Sam Worthington,123000000.0
Chloë Grace Moretz,122450000.0
Rene Russo,122450000.0
Robert De Niro,122440000.0
James Lee Guy,120000000.0
Choi Siwon,120000000.0
Tom Everett Scott,119800000.0
Bailee Madison,119800000.0
Marisa Tomei,119800000.0
Bette Midler,119800000.0
Billy Crystal,119800000.0
Aaron Eckhart,119633333.33333333
Dev Patel,119450000.0
Sandra Bullock,119250000.0
Emily Browning,117800000.0
Kiefer Sutherland,117800000.0
Taylor Kinney,117150000.0
Analeigh Tipton,117000000.0
Rufus Sewell,116400000.0
Alexis Knapp,115400000.0
Anna Camp,115400000.0
Mimi Rogers,114300000.0
Sergei Bodrov (director) Ben Barnes,114200000.0
Tyler Perry,113950000.0
Aaron Paul,113850000.0
Noomi Rapace,113300000.0
Mary-Louise Parker,113200000.0
Leigh Whannell,113000000.0
Angus Sampson,113000000.0
Michelle Pfeiffer,112100000.0
Craig T. Nelson,111800000.0
T.I.,111800000.0
Judi Dench,111400000.0
Kathryn Hahn,111350000.0
Nick Robinson,110700000.0
Maika Monroe,110700000.0
Alex Roe,110700000.0
Katie Featherston,110450000.0
Elizabeth Debicki,109800000.0
Christina Applegate,109633333.33333333
Isaac Hempstead-Wright,109300000.0
John Cusack,108766666.66666667
Joel Edgerton,108633333.33333333
John Gallagher,108300000.0
Alec Baldwin,108080000.0
Raini Rodriguez,107600000.0
Molly Shannon,107600000.0
Neal McDonough,107600000.0
Daniella Alonso,107600000.0
Jared Harris,107500000.0
Catherine Zeta-Jones,107400000.0
Jamie Bell,107100000.0
Tucker Albrizzi,107100000.0
Charles Dance,106300000.0
Jr.,106100000.0
John Sparkes,106000000.0
Justin Fletcher,106000000.0
Joseph Gordon-Levitt,105983333.33333333
Forest Whitaker,105633333.33333333
Betty Gabriel,105600000.0
Kyle Secor,105600000.0
Joseph Julian Soria,105600000.0
Maggie Gyllenhaal,105200000.0
Benjamin Walker,105150000.0
John Cena,105000000.0
Katherine LaNasa,104900000.0
Bella Thorne,104775000.0
Ana Coto,103600000.0
Erin Moriarty,103600000.0
Vivis Colombetti,103600000.0
Paul Bettany,103000000.0
Kirby Bliss Blanton,102700000.0
Jonathan Daniel Brown,102700000.0
Oliver Cooper,102700000.0
Peter Stormare,102266666.66666667
Ninja,102100000.0
Yolandi Visser,102100000.0
Jon Bernthal,101933333.33333333
Suzan Crowley,101800000.0
Simon Quarterman,101800000.0
Evan Helmuth,101800000.0
Fernanda Andrade,101800000.0
Connor Corum,101300000.0
Kelly Reilly,101300000.0
Greg Kinnear,101300000.0
Jacob Vargas,101300000.0
Sandra Oh,100500000.0
Matthew Nable,100300000.0
Katee Sackhoff,100300000.0
Dave Bautista,100300000.0
Teresa Palmer,100000000.0
Diego Luna,99800000.0
Dakota Johnson,99800000.0
Johnny Depp,99440000.0
Jay R. Ferguson,99400000.0
Adam Lefevre,99400000.0
Taylor Schilling,99400000.0
Riley Thomas Stewart,99400000.0
Jim Carrey,98600000.0
Deanna Dunagan,98500000.0
Peter McRobbie,98500000.0
Ed Oxenbould,98500000.0
Olivia DeJonge,98500000.0
Salma Hayek,98050000.0
Brendan Fraser,97750000.0
Elizabeth Blackmore,97500000.0
Andre Holland,97500000.0
Shiloh Fernandez,97500000.0
Andrew Dice Clay,97500000.0
Christopher Meloni,97500000.0
Ryan Merriman,97500000.0
Lou Taylor Pucci,97500000.0
Miyavi,97100000.0
Meagan Good,96100000.0
John Goodman,96062500.0
Nate Parker,95933333.33333333
Rob Corddry,95800000.0
Jason Bateman,95500000.0
Kyle Catlett,95400000.0
Saxon Sharbino,95400000.0
Ryan Gosling,95166666.66666667
Ben Kingsley,95100000.0
Mark Rylance,94850000.0
Kit Harington,94766666.66666667
Tika Sumpter,93950000.0
Tom Holland,93900000.0
Cillian Murphy,93900000.0
Óscar Jaenada,93200000.0
Dominic West,93100000.0
Caitriona Balfe,93100000.0
Jessica Szohr,93000000.0
Victor Ortiz,92000000.0
Naomie Harris,92000000.0
Kate Mara,91266666.66666667
Bill Paxton,91100000.0
Rodrigo Santoro,91040000.0
Jemima West,90600000.0
Kevin Durand,90600000.0
Robert Sheehan,90600000.0
John Malkovich,90600000.0
Jamie Campbell Bower,90600000.0
Daniel Bruhl,90200000.0
Alexandra Maria Lara,90200000.0
George Clooney,90033333.33333333
Allison Janney,89340000.0
Tony Oller,89300000.0
Max Burkholder,89300000.0
Dylan Minnette,89250000.0
Ian Gomez,88900000.0
Manish Dayal,88900000.0
Elena Kampouris,88900000.0
John Corbett,88900000.0
Nia Vardalos,88900000.0
John Slattery,88300000.0
Hugh Grant,88166666.66666667
Maggie Smith,88066666.66666667
Julia Roberts,88025000.0
Eric Bana,87900000.0
David Oyelowo,87816666.66666667
Kyle Chandler,86550000.0
Jeff Bridges,86500000.0
Jack O'Connell,86466666.66666667
Olivia Munn,86366666.66666667
Adam Sevani,86200000.0
Briana Evigan,86200000.0
Mari Koda,86200000.0
Alyson Stoner,86200000.0
Jeremy Piven,86150000.0
Celia Imrie,86000000.0
Richard Gere,86000000.0
Bridget Moynahan,86000000.0
Keanu Reeves,86000000.0
Nat Wolff,85500000.0
Cara Delevingne,85500000.0
Carrie-Anne Moss,85050000.0
Robert Duvall,84400000.0
Luke Bracey,84250000.0
Benicio del Toro,83950000.0
Chelsea Handler,83950000.0
Imogen Poots,83633333.33333333
John Travolta,83000000.0
Aaron Johnson,83000000.0
Alison Brie,82850000.0
Rupert Friend,82300000.0
Hannah Ware,82300000.0
Thomas Kretschmann,82300000.0
Brian Geraghty,82300000.0
Sam Shepard,82300000.0
David Henrie,81550000.0
Brie Larson,81466666.66666667
Daniel Radcliffe,81350000.0
Rebecca Hall,81000000.0
Blake Lively,80633333.33333333
Ben Whishaw,80150000.0
Olivia Thirlby,79800000.0
Kaley Cuoco,79800000.0
Liana Liberato,78900000.0
Katherine Heigl,78900000.0
Lauren Lee Smith,78900000.0
Tyler Labine,78600000.0
Jeffrey Dean Morgan,78500000.0
Charlie Sheen,78400000.0
Dianna Agron,78400000.0
Simon Rex,78400000.0
Ashley Tisdale,78400000.0
Lindsay Lohan,78400000.0
Vincent Pastore,78400000.0
Stephanie Szostak,78300000.0
Michael Ealy,78200000.0
Jake Gyllenhaal,78125000.0
Tyler Craig,78100000.0
Jim Broadbent,78000000.0
Quvenzhané Wallis,77850000.0
Fred Thompson,77700000.0
Juliet Rylance,77700000.0
Vincent D'Onofrio,77700000.0
Dallas Roberts,77300000.0
Robert Capron,77100000.0
Rachael Harris,77100000.0
Zachary Gordon,77100000.0
Devon Bostick,77100000.0
Steve Zahn,77100000.0
Frank Grillo,77000000.0
Mary Elizabeth Winstead,75733333.33333333
Dermot Mulroney,75400000.0
Taraji P. Henson,75200000.0
Nick Frost,75033333.33333333
Jim Beaver,74700000.0
Mia Wasikowska,74700000.0
Tom Hiddleston,74700000.0
William Shatner,74600000.0
Sarah Jessica Parker,74600000.0
Priscilla Shirer,73700000.0
T.C. Stallings,73700000.0
Karen Abercrombie,73700000.0
Beth Moore,73700000.0
Alex Kendrick,73700000.0
Martin Henderson,73600000.0
Reese Witherspoon,73325000.0
Henry Winkler,73100000.0
Joe Rogan,73100000.0
Jerry Ferrara,72700000.0
Tom Wilkinson,72666666.66666667
Thomas Haden Church,72650000.0
Loan Chabanol,72600000.0
Ray Stevenson,72600000.0
Gabriella Wright,72600000.0
Gabriel Iglesias,72450000.0
Brenton Thwaites,71706666.66666667
Toby Stephens,69400000.0
Pablo Schreiber,69400000.0
Max Martini,69400000.0
Jessica Lucas,69000000.0
David Belle,69000000.0
James Franco,68650000.0
Michael Eklund,68600000.0
Abigail Breslin,68600000.0
Michael Imperioli,68600000.0
Niall Horan,68500000.0
Harry Styles,68500000.0
Liam Payne,68500000.0
Zayn Malik,68500000.0
Louis Tomlinson,68500000.0
Richard Ayoade,68300000.0
Kara Hayward,68300000.0
Jared Gilman,68300000.0
Miles Teller,68300000.0
Liev Schreiber,68133333.33333333
Ed Harris,68033333.33333333
Helen Mirren,67920000.0
Diogo Morgado,67800000.0
Darwin Shaw,67800000.0
Roma Downey,67800000.0
Erec Bergen,67700000.0
Michael Lamenda,67700000.0
Vincent Piazza,67700000.0
John Lloyd Young,67700000.0
Carmen Ejogo,66800000.0
Common,66800000.0
Vinessa Shaw,66700000.0
Edwin Hodge,66633333.333333336
Kristen Connolly,66500000.0
Bradley Whitford,66500000.0
Jesse Williams,66500000.0
Ewan McGregor,66225000.0
Benjamin Bratt,65733333.333333336
Amanda Crew,65700000.0
Ellen Burstyn,65700000.0
Chadwick Boseman,65450000.0
Robert Downey,65200000.0
N. Santhanam,65000000.0
Amy Jackson,65000000.0
Upen Patel,65000000.0
Suresh Gopi,65000000.0
Vikram,65000000.0
Sean Penn,64700000.0
Bao Bei'er,64470000.0
Chen Kun,64470000.0
Li Bingbing,64470000.0
Winston Chao,64470000.0
Yang Zishan,64470000.0
Morris Chestnut,64450000.0
Katie Holmes,64300000.0
Lauren Cohan,64200000.0
Jim Norton,64200000.0
Diana Hardcastle,64200000.0
Rupert Evans,64200000.0
Shelley Hennig,64099999.99999999
Jacob Wysocki,64099999.99999999
Will Peltz,64099999.99999999
Renee Olstead,64099999.99999999
Édgar Ramírez,63566666.666666664
Kevin Spacey,63400000.0
Max Irons,63300000.0
Jake Abel,63300000.0
Saoirse Ronan,62700000.0
Willie Robertson,62600000.0
Shane Harper,62600000.0
Kevin Sorbo,62600000.0
Korie Robertson,62600000.0
Kyra Sedgwick,62350000.0
Julie Walters,62100000.0
Emory Cohen,62100000.0
Tatiana Maslany,61600000.0
Bill Murray,61560000.0
Emjay Anthony,61500000.0
Allison Tolman,61500000.0
Roxanne McKee,61300000.0
Kellan Lutz,61300000.0
Scott Adkins,61300000.0
Gaia Weiss,61300000.0
Elisabeth Shue,61300000.0
Liam Garrigan,61300000.0
Charlotte Le Bon,61200000.0
Willem Dafoe,61100000.0
Rachel McAdams,60700000.0
Sanaa Lathan,60300000.0
David Koechner,60100000.0
Alice Englert,60100000.0
Emmy Rossum,60100000.0
Nick Swardson,60100000.0
Diego Boneta,59400000.0
Russell Brand,59400000.0
Julianne Hough,59400000.0
Michiel Huisman,59100000.0
Ruth Wilson,58800000.0
Boyd Holbrook,58800000.0
Elle Fanning,58750000.0
Jennifer Aniston,58566666.666666664
Vince Vaughn,58566666.666666664
Harry Connick,57800000.0
Winter,57800000.0
Nathan Gamble,57800000.0
Hope,57800000.0
Stefanie Scott,57650000.0
Meryl Streep,57260000.0
Tina Fey,57066666.666666664
Penélope Cruz,56000000.0
Christine Taylor,56000000.0
Ethan Hawke,55825000.0
Kristen Bell,55200000.0
Eve,55000000.0
Regina Hall,55000000.0
Nicki Minaj,55000000.0
Will Sasso,54800000.0
Larry David,54800000.0
Jane Lynch,54800000.0
Sean Hayes,54800000.0
Kimberly Quinn,54800000.0
Chris O'Dowd,54800000.0
Chris Diamantopoulos,54800000.0
Jane Levy,54450000.0
Lake Bell,54400000.0
Henry Simmons,54300000.0
Casey Affleck,54050000.0
Rhys Ifans,53900000.0
Jamie Blackley,53150000.0
Shannyn Sossamon,52900000.0
James Ransone,52900000.0
Rooney Mara,52800000.0
Charles Baker,52500000.0
Gaby Hoffmann,52500000.0
Jim Gaffigan,51700000.0
John Carroll Lynch,51700000.0
Marcia Gay Harden,51000000.0
Hamish Linklater,51000000.0
Daniela Ruah,50400000.0
Cuba Gooding Jr.,50400000.0
Sam Rockwell,50200000.0
Paul Reiser,49650000.0
Toni Collette,49440000.0
Kevin Dillon,49300000.0
Adrian Grenier,49300000.0
Kevin Connolly,49300000.0
Daniel Brühl,49100000.0
Clint Eastwood,49000000.0
Melissa Benoist,49000000.0
Matthew Lillard,49000000.0
Oaklee Pendergast,48900000.0
Helen McCrory,48900000.0
Jeremy Irvine,48900000.0
Phoebe Fox,48900000.0
Adrian Rawlins,48900000.0
Sofía Vergara,48850000.0
Clifton Collins,48500000.0
Jaimie Alexander,48300000.0
Adrianne Palicki,48100000.0
Will Yun Lee,48100000.0
Cate Blanchett,47733333.333333336
Emma Roberts,47600000.0
Juliette Lewis,47600000.0
Kimiko Glenn,47600000.0
Emily Meade,47600000.0
Tania Raymonde,47200000.0
Dan Yeager,47200000.0
Trey Songz,47200000.0
Scott Eastwood,47200000.0
Oliver Platt,47000000.0
Eva Mendes,47000000.0
Aubrey Plaza,47000000.0
Cedric the Entertainer,46366666.666666664
Paddy Considine,46100000.0
Joseph Fiennes,46100000.0
Eddie Marsan,46100000.0
Tom Felton,46100000.0
Jon Favreau,46000000.0
Ella Wahlestedt,45300000.0
Astro,45300000.0
Reese Hartwig,45300000.0
Teo Halm,45300000.0
RZA,44650000.0
Kevin Bacon,44600000.0
Ellar Coltrane,44500000.0
Patricia Arquette,44500000.0
Christopher Walken,44333333.333333336
Ryan Guzman,44250000.0
Josh Wiggins,44000000.0
Lauren Graham,44000000.0
Rosemarie DeWitt,43575000.0
Bianca A. Santos,43500000.0
William Hurt,43400000.0
David A. R. White,43050000.0
J. B. Blanc,42700000.0
Susan Sarandon,42675000.0
Timothy Olyphant,42550000.0
Marlon Wayans,42050000.0
Essence Atkins,42050000.0
Olivia Wilde,41900000.0
Jeremy Irons,41800000.0
Matthias Schoenaerts,41450000.0
Jack Huston,41400000.0
Roger Allam,41400000.0
Nazanin Boniadi,41400000.0
Frances de la Tour,41400000.0
Alex Jennings,41400000.0
Jane Fonda,41300000.0
Mamie Gummer,41300000.0
Audra McDonald,41300000.0
Kevin Kline,41300000.0
Diane Keaton,41100000.0
Thomas Mann,41066666.666666664
Jessica Alba,40500000.0
Anya Taylor-Joy,40400000.0
Kate Dickie,40400000.0
Ralph Ineson,40400000.0
Jake Lacy,40300000.0
Justin Timberlake,39500000.0
Powers Boothe,39400000.0
Billy Bob Thornton,39300000.0
Diane Kruger,39250000.0
John Krasinski,38750000.0
Mae Whitman,38450000.0
Donald Glover,38400000.0
Olivia Cooke,38373333.333333336
Vincent Curatola,37900000.0
Ben Mendelsohn,37900000.0
Natalie Dormer,37600000.0
Jonathan Sadowski,37200000.0
Nathan Phillips,37200000.0
Devin Kelley,37200000.0
Olivia Taylor Dudley,37200000.0
Jesse McCartney,37200000.0
Debbie Reynolds,36900000.0
Allison Miller,36900000.0
Vanessa Ray,36900000.0
Jason O'Mara,36900000.0
Daniel Sunjata,36900000.0
Sam Anderson,36900000.0
Aimee Carrero,36900000.0
Zach Gilford,36900000.0
Adam Scott,36850000.0
Jamie Dornan,36600000.0
Sarah Paulson,36450000.0
Grigoriy Dobrygin,36200000.0
Robin Wright,36200000.0
Sean Bridgers,36000000.0
William H. Macy,36000000.0
Jacob Tremblay,36000000.0
Nick Nolte,36000000.0
J.K. Simmons,35900000.0
Ashton Kutcher,35900000.0
Lukas Haas,35900000.0
Brian J. White,35600000.0
Thandie Newton,35600000.0
Jamie Kennedy,35600000.0
Rebecca Romijn,35600000.0
Bill Smitrovich,34800000.0
Will Patton,34800000.0
Amr Waked,34600000.0
Kristin Scott Thomas,34600000.0
Edward Burns,34600000.0
Jean Reno,34600000.0
Rachel Nichols,34600000.0
Katherine Waterston,34400000.0
Terrence Howard,34250000.0
Andrew Scott,34200000.0
Cliff Curtis,34050000.0
Jill Scott,33400000.0
Nina Dobrev,33400000.0
Johnny Simmons,33400000.0
Brandon Mychal Smith,33400000.0
Nelsan Ellis,33400000.0
Sofia Black-D'Elia,33200000.000000004
Barkhad Abdi,32799999.999999996
Alan Rickman,32799999.999999996
Alice Eve,32650000.0
Jessica Brown Findlay,32650000.0
Jennifer Garner,32600000.0
Josh Peck,32300000.0
Philip Seymour Hoffman,32250000.0
Dean Norris,32200000.000000004
Chiwetel Ejiofor,32200000.000000004
Vincent Regan,32200000.000000004
Lennie James,32200000.000000004
Pierce Brosnan,32100000.0
Nina Arianda,31700000.0
Simon Helberg,31700000.0
Radha Mitchell,31600000.0
Robbie Amell,31300000.0
Wole Parks,31100000.0
Jamie Chung,31100000.0
Dania Ramirez,31100000.0
Cem Yılmaz,30800000.0
Yılmaz Erdoğan,30800000.0
Jason Segel,30700000.0
Natalie Martinez,30500000.0
Barry Pepper,30150000.0
Jim Caviezel,30100000.0
Michael Chiklis,30100000.0
Laura Dern,30100000.0
Alexander Ludwig,30100000.0
Oliver Jackson-Cohen,29700000.0
Gal Gadot,29500000.0
Tom Welling,29500000.0
Terence Stamp,29300000.0
Danny Huston,29300000.0
Gugu Mbatha-Raw,28700000.0
David Warshofsky,28300000.0
Stephen Lang,28300000.0
Jesse Plemons,28300000.0
Daniel Zovatto,28300000.0
Joaquin Phoenix,27850000.0
Nicky Whelan,27600000.0
Art Parkinson,27600000.0
Cassi Thomson,27600000.0
Jordin Sparks,27600000.0
Chad Michael Murray,27600000.0
Parker Posey,27400000.0
Connie Britton,27100000.0
Nicholas Tucci,26800000.0
Joe Swanberg,26800000.0
Sharni Vinson,26800000.0
Barbara Crampton,26800000.0
AJ Bowen,26800000.0
Adelaide Clemens,26650000.0
Josh Hamilton,26400000.0
Dakota Goyo,26400000.0
Dan Naturman,26100000.0
Genevieve Angelson,26100000.0
Rachel Feinstein,26100000.0
Sherri Shepherd,25650000.0
Mark Duplass,25400000.0
Julia Louis-Dreyfus,25300000.0
Ben Falcone,25300000.0
Lou Diamond Phillips,24900000.0
James Brolin,24900000.0
Lee Nicholas Harris,24300000.0
Tuppence Middleton,24300000.0
Justin Theroux,24200000.0
Javier Bardem,24200000.0
Ken Marino,24200000.0
Malin Akerman,24200000.0
Jaime Pressly,24000000.0
James Gandolfini,23800000.0
Nicole Kidman,23650000.0
Carice van Houten,23500000.0
Robin Givens,23500000.0
Ernie Hudson,23500000.0
Melissa Joan Hart,23500000.0
Stephan James,23500000.0
Scoot McNairy,23250000.0
Ana de Armas,22200000.0
Raye Cosbert,22000000.0
Janis Winehouse,22000000.0
Nick Shymansky,22000000.0
Eddie Murphy,22000000.0
Amy Winehouse,22000000.0
Alden Ehrenreich,22000000.0
Kerry Washington,22000000.0
Mitchell Winehouse,22000000.0
Sarah Shahi,21900000.0
Dwight Henry,21900000.0
Religious Slater,21900000.0
Adewale Akinnuoye-Agbaje,21900000.0
Sung Kang,21900000.0
Rosario Dawson,21860000.0
Mahershala Ali,21200000.0
Jonny Weston,20750000.000000004
Gabrielle Union,20700000.0
Jordan Peele,20700000.0
Method Man,20700000.0
Keegan-Michael Key,20700000.0
Will Forte,20700000.0
Robert Redford,20700000.0
Lucy Liu,20300000.0
David Bautista,20300000.0
Byron Mann,20300000.0
Yorick van Wageningen,19700000.0
Tang Wei,19700000.0
John Ortiz,19200000.0
Malina Weissman,19100000.0
Israel Broussard,19100000.0
Taissa Farmiga,19100000.0
Katie Chang,19100000.0
Claire Julien,19100000.0
Ray Liotta,18920000.0
Wade Barrett,18100000.0
Kate Hudson,17566666.666666668
Olivia Williams,17500000.0
Joe Manganiello,17500000.0
Emily Watson,17500000.0
Ted Levine,17500000.0
Jakob Salvati,17500000.0
Zizan Razak,17300000.0
Shaheizy Sam,17300000.0
Wan Hanafi Su,17300000.0
Mimie Ernida,17300000.0
Nora Danish,17300000.0
Frank Langella,17200000.0
Veronica Echegui,16900000.0
Sigourney Weaver,16900000.0
Roschoy Zem,16900000.0
Chris Brown,16500000.0
Josh Holloway,16500000.0
Laz Alonso,16500000.0
Caity Lotz,16500000.0
Krysten Ritter,16400000.0
Lily James,16399999.999999998
Sam Riley,16399999.999999998
Matt Smith,16399999.999999998
Cocoa Brown,16300000.0
Wendi McLendon-Covey,16300000.0
Zulay Henao,16300000.0
Nia Long,16300000.0
Topher Grace,16250000.0
Zoey Deutch,15400000.0
Danila Kozlovsky,15400000.0
Anne-Marie Duff,15100000.0
Louis Herthum,15100000.0
Spencer Treat Clark,15100000.0
Judd Lormand,15100000.0
Muse Watson,15100000.0
Ashley Bell,15100000.0
Danny Glover,14600000.0
Minnie Driver,14600000.0
Dax Shepard,14500000.0
Kristin Chenoweth,14500000.0
Tom Arnold,14500000.0
Nic Bishop,14400000.0
Caleb Castille,14400000.0
Ray Wise,13950000.0
Dougray Scott,13500000.0
John Patrick Amedori,13500000.0
Kathleen Robertson,13500000.0
Lucy Fry,13150000.0
Jon Voight,13100000.0
James Arnold Taylor,12800000.0
Sean Astin,12450000.0
Jon Hamm,12200000.0
Jennifer Westfeldt,12200000.0
Alessandro Nivola,12000000.0
James Maslow,11800000.0
Thomas McDonell,11400000.0
Victoria Justice,11400000.0
Patrick Heusinger,11300000.0
Charlotte d'Amboise,11300000.0
Greta Gerwig,11300000.0
Grace Gummer,11300000.0
David Mazouz,10900000.0
Matt Walsh,10900000.0
Trace Adkins,10500000.0
Sarah Drew,10500000.0
Patricia Heaton,10500000.0
Donald Faison,10400000.0
Cassie Ventura,10400000.0
Dascha Polanco,10400000.0
Terrence J,10400000.0
Robert Christopher Riley,10400000.0
Akiva Schaffer,9500000.0
Jorma Taccone,9500000.0
Andy Samberg (screenplay),9500000.0
Ray Sahetapy,9140000.0
Doni Alamsyah,9140000.0
Joe Taslim,9140000.0
Yayan Ruhian,9140000.0
Ronald Cyler II,9100000.0
Emma Fitzpatrick,8900000.0
Josh Stewart,8900000.0
Adam Driver,8750000.0
Ann Dowd,8600000.0
Abigail Spencer,8300000.000000001
Annette Bening,8199999.999999999
Al Pacino,8199999.999999999
Christopher Plummer,8199999.999999999
Udo Kier,8100000.0
Frances McDormand,8100000.0
Peta Sergeant,8100000.0
Julia Dietze,8100000.0
Gotz Otto,8100000.0
Chris Kirby,8100000.0
Iko Uwais,7870000.0
Evan Ross,7500000.0
Michelle Yeoh,7500000.0
Judy Greer,7500000.0
Adam Greaves-Neal,7200000.0
Dayo Okeniyi,6900000.0
Kaitlyn Dever,6900000.0
Julie Estelle,6600000.0
Arifin Putra,6600000.0
Tio Pakusadewo,6600000.0
Alex Abbad,6600000.0
Valérie Donzelli (director),6500000.0
Michel Joelsas,6200000.0
Camila Márdila,6200000.0
Kirsten Dunst,6200000.0
Géza Röhrig,6200000.0
Regina Casé,6200000.0
Zach Braff,5500000.0
Ashley Greene,5500000.0
Mandy Patinkin,5500000.0
Michael Stuhlbarg,5400000.0
Holly Hunter,5400000.0
Dennis Quaid,5400000.0
Lily Rabe,5400000.0
Rosie Perez,5400000.0
Elisabeth Moss,5400000.0
Peter Sarsgaard,5150000.0
AnnaSophia Robb,5000000.0
François Civil,5000000.0
Drew Dowdle (screenplay)Perdita Weeks,5000000.0
Ben Feldman,5000000.0
Marion Lambert,5000000.0
Liv Tyler,4900000.0
James Marsden,4900000.0
Güneş Şensoy,4900000.0
Hayden Christensen,4800000.0
Michael W. Smith,4800000.0
Kate Bosworth,4800000.0
Dwight Yoakam,4800000.0
Tara Strong,4400000.0
Morgan Land (screenplay),4400000.0
Kevin Conroy,4400000.0
Winona Ryder,4400000.0
Mark Hamill,4400000.0
Francis Capra,3500000.0
Jason Dohring,3500000.0
Ryan Hansen,3500000.0
Zooey Deschanel,3400000.0
Scott Caan,3400000.0
Vimala Pons,3300000.0
Melvil Poupaud,3300000.0
Niels Arestrup,3300000.0
Bruno Podalydès,3300000.0
Sandrine Kiberlain,3300000.0
Mélanie Laurent,3300000.0
Agnès Jaoui,3300000.0
Noah Emmerich,3000000.0
Lesley Manville,3000000.0
Natalie Portman,3000000.0
Damian Lewis,3000000.0
Douglas Booth,3000000.0
Natascha McElhone,3000000.0
Sam Reid,2900000.0
Richard Dormer,2900000.0
Sean Harris,2900000.0
Leonor Varela,2800000.0
Michael K. Williams,2800000.0
Ashley Judd,2800000.0
Seth Green,2800000.0
Jessica Oyelowo,2800000.0
Nilbio Torres,2800000.0
Jan Bijvoet,2800000.0
Antonio Bolívar,2800000.0
Joe Pantoliano,2800000.0
Steve Coogan,2700000.0
Joanna Vanderham,2700000.0
Onata Aprile,2700000.0
Laurence Fishburne,2420000.0
Sarah Clarke,2420000.0
Julia Ormond,2400000.0
Brit Marling,2400000.0
Ellen Page,2400000.0
Aubrey Peeples,2300000.0
Aurora Perrineau,2300000.0
Hayley Kiyoko,2300000.0
Sarah Bolger,2200000.0
Robin Tunney,2200000.0
Finn Wittrock,2200000.0
Michael Reilly Burke,2200000.0
Haley Joel Osment,1900000.0
Justin Long,1900000.0
Génesis Rodríguez,1900000.0
Michael Parks,1900000.0
Sigurður Sigurjónsson,1740000.0
Ellen Barkin,1700000.0
Usher,1700000.0
Allie DeBerry,1600000.0
Priya Darshini,1600000.0
Burnie Burns,1600000.0
Michael Jones,1600000.0
Rutger Hauer,1600000.0
Gavin Free,1600000.0
Juliet Stevenson,1600000.0
Max von Sydow,1600000.0
Colton Dunn,1600000.0
Cloris Leachman,1100000.0
Christopher Lloyd,1100000.0
Cary Elwes,1100000.0
Toni Braxton,1100000.0
Chazz Palminteri,1100000.0
Derek Magyar,1000000.0
Rami Malek,1000000.0
America Olivo,1000000.0
Lindsey Shaw,1000000.0
Keith Carradine,1000000.0
