Cast Member,Total Gross Profit ($)
Jennifer Lawrence,2911200000.0
Josh Hutcherson,2155000000.0
Woody Harrelson,1634800000.0
Elizabeth Banks,1564000000.0
Jesse Eisenberg,1526500000.0
Hugh Jackman,1516200000.0
Matt Damon,1509400000.0
Kristen Wiig,1492700000.0
Ryan Reynolds,1458900000.0
Anne Hathaway,1438600000.0
Dwayne Johnson,1395900000.0
Tom Cruise,1375500000.0
Liam Hemsworth,1327100000.0
Jessica Chastain,1317800000.0
Kevin Hart,1238500000.0
Michael Fassbender,1192300000.0
John Leguizamo,1176600000.0
Max Charles,1147200000.0
Michael Caine,1137200000.0
Ben Affleck,1118800000.0
Queen Latifah,1105900000.0
Henry Cavill,1097400000.0
Evangeline Lilly,1095400000.0
Steve Carell,1077800000.0
Samuel L. Jackson,1073000000.0
Amy Adams,1070300000.0
Liam Neeson,1062100000.0
Diane Lane,1058900000.0
Denis Leary,1049800000.0
Kevin James,1045500000.0
Ray Romano,1045300000.0
Bradley Cooper,1039500000.0
Morgan Freeman,1037400000.0
Adam Sandler,1037300000.0
Emma Stone,1035200000.0
Scarlett Johansson,1002800000.0
Leonardo DiCaprio,969400000.0
Seann William Scott,967000000.0
Will Smith,948900000.0
Kristen Stewart,935400000.0
James McAvoy,913000000.0
Miranda Cosgrove,894800000.0
Elsie Fisher,894800000.0
Dana Gaier,894800000.0
Jonah Hill,872800000.0
Andy Samberg,862700000.0
Jeremy Renner,857200000.0
Luke Evans,854900000.0
Luke Grimes,821700000.0
Julianne Moore,820100000.0
Richard Armitage,817700000.0
Jason Clarke,817000000.0
Jemaine Clement,806100000.0
Famke Janssen,804200000.0
Michelle Rodriguez,803900000.0
Mark Wahlberg,800900000.0
Seth Rogen,793600000.0
Rose Byrne,789000000.0
Chris Rock,783000000.0
Channing Tatum,780500000.0
Ed Skrein,772200000.0
Shailene Woodley,759000000.0
Ansel Elgort,754600000.0
Charlize Theron,745600000.0
Melissa McCarthy,742000000.0
Vin Diesel,739400000.0
Sally Field,738200000.0
Patrick Wilson,734400000.0
Louis C.K.,729400000.0
Michael Peña,727100000.0
T. J. Miller,724600000.0
Gina Carano,724600000.0
Morena Baccarin,724600000.0
Martin Freeman,722000000.0
Bobby Cannavale,720100000.0
Will Arnett,717400000.0
Sacha Baron Cohen,716300000.0
Jeff Daniels,715600000.0
Will Poulter,712300000.0
Zac Efron,711300000.0
Mackenzie Foy,709700000.0
Robert Pattinson,709700000.0
Michael Sheen,709700000.0
Billy Burke,709700000.0
Bruce Willis,706600000.0
Jada Pinkett Smith,706100000.0
Ian McKellen,706000000.0
Gerard Butler,697200000.0
Christoph Waltz,692800000.0
Tom Hardy,687000000.0
Isla Fisher,684600000.0
Nicholas Hoult,677000000.0
Paul Walker,674700000.0
Will Ferrell,668300000.0
Selena Gomez,660200000.0
Hannibal Buress,649900000.0
Eric Stonestreet,649900000.0
Seth MacFarlane,647100000.0
Giovanni Ribisi,647100000.0
Ice Cube,642000000.0
Albert Brooks,635200000.0
Anthony Mackie,632900000.0
Donald Sutherland,630400000.0
Jordana Brewster,628700000.0
Leslie Mann,627700000.0
Bill Hader,625800000.0
Margot Robbie,624300000.0
Rosamund Pike,621900000.0
Wes Bentley,616400000.0
Brad Pitt,615300000.0
Vera Farmiga,611900000.0
Ed Helms,611700000.0
Halle Berry,603500000.0
Mila Kunis,602600000.0
David Schwimmer,601900000.0
Noah Baumbach(screenplay); Ben Stiller,601900000.0
Dylan O'Brien,600600000.0
Jai Courtney,596700000.0
Idris Elba,595300000.0
Bryan Cranston,591200000.0
Megan Fox,590200000.0
Russell Crowe,589800000.0
Harrison Ford,586300000.0
Gary Oldman,585400000.0
Joel Kinnaman,577500000.0
Mark Ruffalo,575900000.0
Clark Duke,573200000.0
Jennifer Lopez,572200000.0
Jay Baruchel,570500000.0
Domhnall Gleeson,569400000.0
Sebastian Stan,567700000.0
Kaya Scodelario,565600000.0
Thomas Sangster,565600000.0
Dominic Cooper,563900000.0
Dave Franco,563500000.0
Simon Pegg,558400000.0
Joel McHale,556300000.0
Neil Patrick Harris,550800000.0
Jason Sudeikis,547200000.0
Rebecca Ferguson,545000000.0
Cobie Smulders,544400000.0
Sean Bean,543200000.0
Nicolas Cage,539400000.0
Chris Evans,538800000.0
Eddie Redmayne,538700000.0
Oscar Isaac,531600000.0
Sienna Miller,531400000.0
Andrew Garfield,527900000.0
Martin Sheen,527900000.0
Chris Pratt,525900000.0
Kodi Smit-McPhee,522700000.0
Ving Rhames,518700000.0
America Ferrera,514300000.0
Logan Lerman,514000000.0
Tommy Lee Jones,513300000.0
Benedict Cumberbatch,507400000.0
Zhang Yuqi,493080000.0
Kris Wu,493080000.0
Deng Chao,493080000.0
Lin Yun,493080000.0
Show Luo,493080000.0
Anna Kendrick,489100000.0
Ayush Tandon,489000000.0
Irrfan Khan,489000000.0
Gérard Depardieu,489000000.0
Suraj Sharma,489000000.0
John Goodman,489000000.0
Emily Blunt,487600000.0
Craig Ferguson,476500000.0
Andy Serkis,475600000.0
Viola Davis,474000000.0
Jason Statham,473300000.0
Matthew McConaughey,471500000.0
Josh Gad,470500000.0
Keri Russell,469700000.0
Catherine Keener,469500000.0
Josh Brolin,468500000.0
Denzel Washington,462100000.0
Emilia Clarke,461800000.0
Jared Leto,461700000.0
Theo James,460400000.0
Nikolaj Coster-Waldau,460000000.0
Emma Thompson,453700000.0
Kevin Costner,451600000.0
Jamie Foxx,449200000.0
Michael Shannon,444300000.0
Jack Black,441100000.0
Chris Hemsworth,439000000.0
Robert De Niro,437200000.0
Naomi Watts,433600000.0
Jackie Chan,429900000.0
Rob Riggle,425300000.0
Alan Ritchson,425100000.0
Choi Min-sik,423400000.0
Sylvester Stallone,422100000.0
Luis Guzmán,411900000.0
Corey Stoll,410900000.0
Nick Offerman,410300000.0
Joel Edgerton,405800000.0
Ken Jeong,403400000.0
Mireille Enos,400400000.0
Kate Winslet,399000000.0
Bruno Mars,397100000.0
James Badge Dale,390600000.0
Arnold Schwarzenegger,387600000.0
Steve Buscemi,386400000.0
Chris Pine,383300000.0
Colm Wilkinson,380800000.0
Paul Rudd,378600000.0
Dustin Hoffman,374900000.0
Paul Freeman,371900000.0
John Rhys-Davies,371900000.0
Karen Allen,371900000.0
Joseph Gordon-Levitt,370900000.0
Aaron Taylor-Johnson,369000000.0
Ken Watanabe,369000000.0
Jeremy Howard,368300000.0
Johnny Knoxville,368300000.0
Noel Fisher,368300000.0
Angelina Jolie,368200000.0
Danny McBride,367900000.0
Juliette Binoche,367900000.0
Alfred Molina,361800000.0
Elizabeth Olsen,358600000.0
Rebel Wilson,356500000.0
Bill Pullman,354600000.0
Chloë Grace Moretz,353800000.0
Alicia Vikander,353000000.0
Terry Crews,351800000.0
Maya Rudolph,351100000.0
Daniella Kertesz,350000000.0
Matthew Fox,349600000.0
Michael Keaton,349300000.0
Colin Firth,347700000.0
Charlie Day,345600000.0
Maggie Grace,345300000.0
Paula Patton,344400000.0
Taron Egerton,343600000.0
Jr.,342500000.0
Tom Skerritt,341800000.0
Val Kilmer,341800000.0
James Tolkan,341800000.0
Kelly McGillis,341800000.0
Tyler Perry,337800000.0
David Oyelowo,336900000.0
Rihanna,334000000.0
Rade Sherbedgia,333100000.0
Tony Hale,331700000.0
J. K. Simmons,331300000.0
Jiang Wu,329200000.0
Elaine Jin,329200000.0
Bai Baihe,329200000.0
Jing Boran,329200000.0
Michael B. Jordan,328700000.0
Owen Wilson,326600000.0
Bruce Dern,325400000.0
Eva Green,323100000.0
Amy Ryan,321600000.0
Amanda Seyfried,319600000.0
Aml Ameen,314300000.0
Mark Strong,313500000.0
Anna Faris,310700000.0
Kim Dickens,308300000.0
Aaron Paul,304700000.0
Lena Headey,302300000.0
Christopher Mintz-Plasse,299800000.0
Ron Livingston,298000000.0
Lili Taylor,298000000.0
Shannon Kook,298000000.0
Hiroyuki Sanada,294800000.0
Hal Yamanouchi,294800000.0
Tao Okamoto,294800000.0
Janet McTeer,289700000.0
Guy Pearce,285600000.0
Danny DeVito,278800000.0
Taylor Swift,278800000.0
Bill Nighy,276300000.0
Ralph Fiennes,274700000.0
Travis Fimmel,273500000.0
Fran Drescher,273400000.0
Ben Foster,270500000.0
Cameron Diaz,269900000.0
Riz Ahmed,269700000.0
Emma Watson,269100000.0
Zach Galifianakis,268900000.0
Dan Stevens,267000000.0
Jason Bateman,265200000.0
Brendan Gleeson,264200000.0
Carey Mulligan,264000000.0
Toby Kebbell,262900000.0
Bella Thorne,260600000.0
Justin Bartha,259000000.0
Lin Shaye,258900000.0
Skylar Astin,258100000.0
Brittany Snow,258100000.0
Vanessa Hudgens,256300000.0
Ki Hong Lee,251300000.0
Matt Jones,251000000.0
Steve Martin,251000000.0
Jim Parsons,250500000.0
Ray Winstone,250500000.0
Eric Ladin,250399999.99999997
Alfre Woodard,250399999.99999997
Brian Howe,250399999.99999997
Annabelle Wallis,250399999.99999997
Richard Jenkins,249800000.0
Jacki Weaver,249600000.0
Paul Tibbitt (director),249400000.0
Tom Kenny,249400000.0
Glenn Berger(screenplay),249400000.0
Jonathan Aibel,249400000.0
Adam DeVine,249000000.0
Antonio Banderas,248300000.0
Patricia Clarkson,247200000.0
Hailee Steinfeld,246100000.0
Kristen Schaal,245900000.0
Elodie Yung,245700000.0
Ray Park,245700000.0
Tim Gunn,242500000.0
Ben Stiller,242500000.0
Hank Azaria,242500000.0
Jayma Mays,242500000.0
Chris Miller,241000000.0
Tom McGrath,241000000.0
Conrad Vernon,241000000.0
Christopher Knights,241000000.0
Charlie Hunnam,240700000.0
Maggie Smith,238200000.0
Jackie Earle Haley,238200000.0
Robin Williams,236200000.0
Ricky Gervais,236200000.0
Teresa Palmer,235100000.0
Tobey Maguire,232400000.0
Vincent Cassel,232200000.0
Noomi Rapace,230600000.0
Rosie Huntington-Whiteley,228400000.0
Hugh Keays-Byrne,228400000.0
Allison Janney,228200000.0
Christina Applegate,227900000.0
Julia Stiles,227900000.0
Sullivan Stapleton,227600000.0
Hans Matheson,227600000.0
Sam Spruell,226600000.0
Ian McShane,226600000.0
Sharlto Copley,224200000.0
Matthew Goode,224100000.0
Miles Teller,224000000.0
Paul Dano,222600000.0
Jake Gyllenhaal,221000000.0
Ellen McLain,221000000.0
Rinko Kikuchi,221000000.0
Rory Kinnear,219600000.0
Allen Leech,219600000.0
Keira Knightley,219600000.0
Jeff Goldblum,217300000.0
Sela Ward,217300000.0
Vivica A. Fox,217300000.0
Brea Bee,215400000.0
Sebastian Koch,212700000.0
Yuliya Snigir,212700000.0
Radivoje Bukvić,212700000.0
Forest Whitaker,211900000.0
Douglas Smith,210800000.0
Daniel Day-Lewis,210300000.0
David Strathairn,210300000.0
Hal Holbrook,210300000.0
Aaron Eckhart,208900000.0
Jennifer Connelly,208700000.0
Colin Farrell,208099999.99999997
Adrien Brody,206800000.0
Katie Featherston,205900000.0
Dolph Lundgren,205400000.0
Randy Couture,205400000.0
John Cusack,205300000.0
Alan Arkin,204900000.0
Zoë Kravitz,203900000.0
Edward Norton,203400000.0
Judi Dench,202800000.0
Jon Bernthal,199800000.0
Jude Law,198600000.0
Lizzy Caplan,198200000.0
Kathryn Hahn,197700000.0
Amy Poehler,197600000.0
John Cho,197000000.0
James Caan,196300000.0
Julia Roberts,195600000.0
Ethan Hawke,195300000.0
Helen Mirren,194600000.0
Alec Baldwin,193400000.0
Rene Russo,192400000.0
Victor Garber,192300000.0
Peter Stormare,191800000.0
Ciarán Hinds,189100000.0
Frank Grillo,189000000.0
Demian Bichir,186900000.0
Kaitlin Olson,186900000.0
Olga Kurylenko,186000000.0
Jason Biggs,185000000.0
Eugene Levy,185000000.0
Alyson Hannigan,185000000.0
Tara Reid,185000000.0
Ben Kingsley,184400000.0
Taylor Kinney,184300000.0
Edgar Ramirez,184000000.0
Edwin Hodge,181900000.0
Melissa Leo,181400000.0
Meryl Streep,180300000.0
Dev Patel,179900000.0
Dermot Mulroney,178200000.0
Zoe Bell,176300000.0
Gemma Arterton,176300000.0
Jenna Coleman,176200000.0
Sam Claflin,176200000.0
Boris Kodjoe,175200000.0
Milla Jovovich,175200000.0
Sienna Guillory,175200000.0
Colin Salmon,175200000.0
Joan Allen,174100000.0
Brie Larson,173900000.0
Djimon Hounsou,173200000.0
Nate Parker,172800000.0
Lupita Nyong'o,172800000.0
Michelle Dockery,172800000.0
Linda Cardellini,171400000.0
Jodie Foster,171100000.0
Wagner Moura,171100000.0
Alice Braga,171100000.0
Miranda Hart,170700000.0
Alexander Skarsgard,168600000.0
Reese Witherspoon,168300000.0
Sandra Bullock,167500000.0
Ryan Gosling,167500000.0
Taylor Lautner,167000000.0
David Spade,167000000.0
Andrea Riseborough,166200000.0
Peter Dinklage,165500000.0
Charles Dance,164600000.0
Kristen Bell,163800000.0
Megumi Ohara,161400000.0
Yumi Kakazu,161400000.0
Wasabi Mizuta,161400000.0
Subaru Kimura,161400000.0
Tomokazu Seki,161400000.0
Jack O'Connell,159300000.0
Alexia Fast,158300000.0
Ty Simpkins,156900000.0
Kate Upton,156700000.0
Imogen Poots,155200000.0
Blake Lively,154900000.0
Robert Patrick,153300000.0
Tom Wilkinson,153000000.0
F. Murray Abraham,151800000.0
Mathieu Amalric,151800000.0
Tony Revolori,151800000.0
O'Shea Jackson,151600000.0
Aldis Hodge,151600000.0
Jason Mitchell,151600000.0
Corey Hawkins,151600000.0
Rachel Weisz,151100000.0
George Clooney,151100000.0
Anders Holm,150600000.0
Rodrigo Santoro,149200000.0
Alec Sulkin,148700000.0
Wellesley Wild(screenplay) Mark Wahlberg,148700000.0
Paul Giamatti,148400000.0
Jared Harris,147500000.0
AJ Teece,147200000.0
Noah Schnapp,147200000.0
Hadley Belle Miller,147200000.0
Bill Melendez,147200000.0
Noah Johnston,147200000.0
Samantha Barks,147100000.0
William Houston,147100000.0
Sarah Gadon,147100000.0
Oprah Winfrey,146600000.0
Noah Segan,146500000.0
Jason Lee,144800000.0
Kimberly Williams-Paisley,144800000.0
Josh Green,144800000.0
Shia LaBeouf,143800000.0
John Malkovich,142800000.0
Sam Worthington,142000000.0
Bill Murray,141800000.0
Michelle Pfeiffer,140300000.0
Alexandra Daddario,139400000.0
Amanda Peet,139000000.0
Ramón Rodríguez,138300000.0
Kathryn Newton,137800000.0
Marton Csokas,137300000.0
David Harbour,137300000.0
Alon Aboutboul,135700000.0
Angela Bassett,135700000.0
Sam Shepard,133900000.0
Tessa Thompson,133600000.0
Tony Bellew,133600000.0
Graham McTavish,133600000.0
Tika Sumpter,132900000.0
Armie Hammer,132800000.0
Toni Collette,131500000.0
David Fox,131400000.0
Daniel Kash,131400000.0
Johnny Depp,131200000.0
Nadine Velazquez,130800000.0
Bruce Greenwood,130800000.0
Ty Burrell,130700000.0
Stephen Colbert,130700000.0
Ariel Winter,130700000.0
Liev Schreiber,130400000.0
Bruce McGill,129500000.0
Olivia Munn,129100000.0
Lily Collins,128600000.0
Tom Hanks,127500000.0
Brooklyn Decker,127400000.0
Michael Ealy,126400000.0
Rachel McAdams,125800000.0
Susan Sarandon,125700000.0
Austin Stowell,125500000.0
Alan Alda,125500000.0
Taraji P. Henson,125200000.0
Liam Cunningham,123100000.0
Alexander Skarsgård,122700000.0
Carol Burnett,122600000.0
Bridgit Mendler,122600000.0
Kyle Chandler,121300000.00000001
Damon Wayans,121200000.0
Jake Johnson,121200000.0
Taylor Kitsch,121000000.0
Alexander DiPersia,121000000.0
Gabriel Bateman,121000000.0
Ewan McGregor,120500000.0
David Henrie,120100000.0
Kathleen Turner,119800000.0
Laurie Holden,119800000.0
Karl Urban,118300000.0
Brian Geraghty,117600000.0
Rob Corddry,116600000.0
Mel Gibson,116200000.0
Michelle Monaghan,115900000.0
Hugh Grant,115500000.0
Dane DeHaan,114600000.0
Michael Kelly,114600000.0
Alex Russell,114600000.0
John C. Reilly,114400000.0
Zoe Kravitz,113800000.0
Jaden Smith,113800000.0
Isabelle Fuhrman,113800000.0
Liz White,113500000.0
Helena Bonham Carter,113500000.0
Alisa Khazanova,113500000.0
Thomas Haden Church,113300000.0
Jim Carrey,113200000.0
Jessica Lucas,113000000.0
Bill Paxton,112700000.0
Brendan Fraser,112700000.0
Cedric the Entertainer,112600000.0
Mary Birdsong,112200000.0
Yvette Nicole Brown,112200000.0
Tim Roth,111800000.0
Walton Goggins,111800000.0
Kurt Russell,111800000.0
Jennifer Jason Leigh,111800000.0
Jeremy Sumpter,111700000.0
Sarah Wayne Callies,111700000.0
Nathan Kress,111700000.0
Mark Rylance,109700000.0
Felicity Jones,108700000.0
Zoe Saldana,107800000.0
Mary Elizabeth Winstead,107700000.0
Daniel Radcliffe,107700000.0
Brian Tee,107500000.0
Stephen Amell,107500000.0
Laura Linney,107500000.0
Miyavi,106700000.0
Religious Bale,105300000.00000001
Zachary Quinto,105300000.0
Cate Blanchett,103800000.0
Angus Sampson,102000000.0
Leigh Whannell,102000000.0
Dylan McDermott,100900000.0
Catherine Zeta-Jones,100800000.0
Simon Quarterman,100800000.0
Suzan Crowley,100800000.0
Evan Helmuth,100800000.0
Fernanda Andrade,100800000.0
Stefanie Scott,99300000.0
Salma Hayek,99100000.0
Erin Moriarty,98600000.0
Ana Coto,98600000.0
Vivis Colombetti,98600000.0
Anna Camp,98400000.0
Alexis Knapp,98400000.0
Olivia Cooke,98120000.0
Gabriel Iglesias,98100000.0
Robert Emms,98000000.0
Nathan Lane,98000000.0
Morris Chestnut,97900000.0
Alison Brie,95700000.0
Joseph Julian Soria,95600000.0
Kyle Secor,95600000.0
Betty Gabriel,95600000.0
Bailee Madison,94800000.0
Bette Midler,94800000.0
Tom Everett Scott,94800000.0
Marisa Tomei,94800000.0
Billy Crystal,94800000.0
Benjamin Bratt,94700000.0
Jerry Ferrara,94400000.0
Olivia Wilde,94200000.0
Craig Robinson,94000000.0
Peter McRobbie,93500000.0
Deanna Dunagan,93500000.0
Ed Oxenbould,93500000.0
Olivia DeJonge,93500000.0
John Gallagher,93300000.0
Benicio del Toro,92900000.0
Katie Holmes,92600000.0
Til Schweiger,91500000.0
Rick Yune,91000000.0
Oliver Cooper,90700000.0
Jonathan Daniel Brown,90700000.0
Kirby Bliss Blanton,90700000.0
Kelly Reilly,89300000.0
Kit Harington,89300000.0
Jacob Vargas,89300000.0
Greg Kinnear,89300000.0
Connor Corum,89300000.0
Thomas Mann,89200000.0
Quvenzhané Wallis,88900000.00000001
Chelsea Handler,88900000.0
Jim Broadbent,88500000.0
Emma Fuhrmann,88000000.0
Drew Barrymore,88000000.0
Willem Dafoe,87200000.0
Tina Fey,86400000.0
Max Burkholder,86300000.0
Tony Oller,86300000.0
Jean Dujardin,85000000.0
Dylan Minnette,84600000.0
Jamie Blackley,84300000.0
Mimi Rogers,84300000.0
Meagan Good,84100000.0
Analeigh Tipton,82000000.0
John Sparkes,81000000.0
Justin Fletcher,81000000.0
Édgar Ramírez,80700000.0
Sandra Oh,80500000.0
Lou Taylor Pucci,80500000.0
Elizabeth Blackmore,80500000.0
Shiloh Fernandez,80500000.0
Andrew Dice Clay,79500000.0
David A. R. White,79100000.0
Jeremy Piven,78300000.0
Michiel Huisman,78200000.0
Jane Levy,77900000.0
Essence Atkins,77600000.0
Marlon Wayans,77600000.0
Garrett Hedlund,76800000.0
Óscar Jaenada,76200000.0
Richard Gere,76000000.0
Celia Imrie,76000000.0
Nick Robinson,75700000.0
Maika Monroe,75700000.0
Alex Roe,75700000.0
Fergus Riordan,75600000.0
Violante Placido,75600000.0
David Koepp,75500000.0
Anthony Peckham,75500000.0
Steve Zaillian,75500000.0
Adam Cozad,75500000.0
John Cena,75000000.0
Katherine Heigl,75000000.0
Fred Thompson,74700000.0
Vincent D'Onofrio,74700000.0
Juliet Rylance,74700000.0
Ed Harris,74500000.0
Jay R. Ferguson,74400000.0
Adam Lefevre,74400000.0
Riley Thomas Stewart,74400000.0
Taylor Schilling,74400000.0
Saoirse Ronan,74400000.0
Jessica Biel,73500000.0
Kate Beckinsale,73500000.0
Cara Delevingne,73500000.0
Nat Wolff,73500000.0
Kate McKinnon,73500000.0
Leslie Jones,73500000.0
Elisabeth Shue,72600000.0
Craig T. Nelson,71800000.0
T.I.,71800000.0
John Corbett,70900000.0
Nia Vardalos,70900000.0
Edward James Olmos,70900000.0
Elena Kampouris,70900000.0
Ian Gomez,70900000.0
Alex Kendrick,70700000.0
Beth Moore,70700000.0
Priscilla Shirer,70700000.0
Karen Abercrombie,70700000.0
T.C. Stallings,70700000.0
Carrie-Anne Moss,70100000.0
Robert Downey,69400000.0
Kyra Sedgwick,68700000.0
John Slattery,68300000.0
Tyler Craig,68100000.0
Imelda Staunton,68000000.0
David Tennant,68000000.0
Liana Liberato,67900000.0
Lauren Lee Smith,67900000.0
Neal McDonough,67600000.0
Molly Shannon,67600000.0
Raini Rodriguez,67600000.0
Daniella Alonso,67600000.0
Daniel Brühl,67200000.0
Manish Dayal,66900000.0
Ryan Lee,66200000.0
Odeya Rush,66200000.0
Caitriona Balfe,66100000.0
Dominic West,66100000.0
Bridget Moynahan,66000000.0
Keanu Reeves,66000000.0
Jeffrey Dean Morgan,64500000.0
Ben Whishaw,63100000.0
Shelley Hennig,63099999.99999999
Renee Olstead,63099999.99999999
Will Peltz,63099999.99999999
Jacob Wysocki,63099999.99999999
Victor Ortiz,62000000.0
Naomie Harris,62000000.0
James Franco,61300000.0
Chadwick Boseman,60900000.0
Kevin Sorbo,60600000.0
Martin Henderson,60600000.0
Willie Robertson,60600000.0
Korie Robertson,60600000.0
Shane Harper,60600000.0
Sam Rockwell,60400000.0
Kyle Catlett,60400000.0
Saxon Sharbino,60400000.0
Dave Bautista,60300000.0
Katee Sackhoff,60300000.0
Matthew Nable,60300000.0
Jennifer Aniston,58700000.0
Louis Tomlinson,58500000.0
Harry Styles,58500000.0
Liam Payne,58500000.0
Niall Horan,58500000.0
Zayn Malik,58500000.0
Lindsay Lohan,58400000.0
Charlie Sheen,58400000.0
Ashley Tisdale,58400000.0
Simon Rex,58400000.0
Eric Bana,57900000.0
Nick Swardson,57600000.0
David Koechner,57600000.0
Christopher Meloni,57500000.0
Andre Holland,57500000.0
Ryan Merriman,57500000.0
Rebecca Hall,57000000.0
Kaley Cuoco,56800000.0
Olivia Thirlby,56800000.0
Michael Eklund,55600000.0
Michael Imperioli,55600000.0
Abigail Breslin,55600000.0
Mae Whitman,55400000.0
Matthias Schoenaerts,55300000.0
Rachael Harris,55100000.0
Devon Bostick,55100000.0
Robert Capron,55100000.0
Nick Frost,55100000.0
Steve Zahn,55100000.0
Zachary Gordon,55100000.0
James Lee Guy,55000000.0
James Woods,55000000.0
Choi Siwon,55000000.0
Lauren Cohan,54200000.0
Rupert Evans,54200000.0
Diana Hardcastle,54200000.0
Jim Norton,54200000.0
Pierce Brosnan,53600000.0
Yolandi Visser,53100000.0
Ninja,53100000.0
Jennifer Garner,52400000.0
Jared Gilman,52300000.0
Dallas Roberts,52300000.0
Kara Hayward,52300000.0
Jamie Bell,52200000.0
Alexandra Maria Lara,52200000.0
Daniel Bruhl,52200000.0
Kate Mara,51800000.0
Sofía Vergara,51700000.0
Rosemarie DeWitt,51300000.0
Julie Walters,51100000.0
Sarah Paulson,51100000.0
Emory Cohen,51100000.0
Tatiana Maslany,50600000.0
Elijah Wood,50400000.0
Rose Leslie,50400000.0
Vikram,50000000.0
Amy Jackson,50000000.0
Upen Patel,50000000.0
Suresh Gopi,50000000.0
N. Santhanam,50000000.0
Diego Luna,49800000.0
Tyler Labine,49600000.0
Lake Bell,49400000.0
Isaac Hempstead-Wright,49300000.0
Adam Scott,48700000.0
Luke Bracey,48499999.999999985
Dianna Agron,48400000.0
Vincent Pastore,48400000.0
Gabriella Wright,47600000.0
Loan Chabanol,47600000.0
Ray Stevenson,47600000.0
Thomas Kretschmann,47300000.0
Hannah Ware,47300000.0
Rupert Friend,47300000.0
Tucker Albrizzi,47100000.0
Carmen Ejogo,46800000.0
Dakota Johnson,46800000.0
Common,46800000.0
Emjay Anthony,46500000.0
Allison Tolman,46500000.0
RZA,46300000.0
Brenton Thwaites,46120000.0
David Belle,46000000.0
Roma Downey,45800000.0
Diogo Morgado,45800000.0
Darwin Shaw,45800000.0
Melissa Benoist,45700000.0
Casey Affleck,44100000.0
Shannyn Sossamon,42900000.0
James Ransone,42900000.0
Elle Fanning,42500000.0
Sanaa Lathan,42300000.0
William Hurt,41800000.0
Kimberly Quinn,41800000.0
Chris O'Dowd,41800000.0
Maggie Gyllenhaal,41400000.0
Briana Evigan,41200000.0
Mari Koda,41200000.0
Adam Sevani,41200000.0
Alyson Stoner,41200000.0
Henry Simmons,41100000.0
Amanda Crew,40700000.0
Ellen Burstyn,40700000.0
Patricia Arquette,40500000.0
Ellar Coltrane,40500000.0
Barry Pepper,40300000.0
Timothy Olyphant,40300000.0
Kevin Spacey,39800000.0
Radha Mitchell,39200000.0
Paul Reiser,39000000.0
Ryan Guzman,38500000.0
John Travolta,38000000.0
Aaron Johnson,38000000.0
Emily Browning,37800000.0
Kiefer Sutherland,37800000.0
Gaby Hoffmann,37500000.0
Charles Baker,37500000.0
Kate Dickie,37400000.0
Ralph Ineson,37400000.0
Anya Taylor-Joy,37400000.0
Vinessa Shaw,36700000.0
Kristen Connolly,36500000.0
Jesse Williams,36500000.0
Bradley Whitford,36500000.0
Jesse McCartney,36200000.0
Devin Kelley,36200000.0
Jonathan Sadowski,36200000.0
Olivia Taylor Dudley,36200000.0
Nathan Phillips,36200000.0
Alex Jennings,35400000.0
Roger Allam,35400000.0
Frances de la Tour,35400000.0
Donald Glover,35100000.0
Jessica Szohr,35000000.0
Jon Favreau,35000000.0
Regina Hall,35000000.0
Eve,35000000.0
Bianca A. Santos,35000000.0
Nicki Minaj,35000000.0
Elizabeth Debicki,34800000.0
William Shatner,34600000.0
Sarah Jessica Parker,34600000.0
Yang Zishan,34470000.0
Chen Kun,34470000.0
Bao Bei'er,34470000.0
Winston Chao,34470000.0
Li Bingbing,34470000.0
Robert Duvall,34400000.0
Hamish Linklater,34200000.0
Marcia Gay Harden,34200000.0
Helen McCrory,33900000.0
Adrian Rawlins,33900000.0
Oaklee Pendergast,33900000.0
Jeremy Irvine,33900000.0
Phoebe Fox,33900000.0
Ray Liotta,33600000.0
Astro,32300000.0
Ella Wahlestedt,32300000.0
Teo Halm,32300000.0
Reese Hartwig,32300000.0
Eva Mendes,32000000.0
Mark Duplass,31500000.0
Henry Winkler,31100000.0
Joe Rogan,31100000.0
Boyd Holbrook,30800000.0
Ruth Wilson,30800000.0
Robert Sheehan,30600000.0
Jemima West,30600000.0
Jamie Campbell Bower,30600000.0
Kevin Durand,30600000.0
Adelaide Clemens,30400000.0
Aimee Carrero,29900000.0
Sam Anderson,29900000.0
Allison Miller,29900000.0
Zach Gilford,29900000.0
Vanessa Ray,29900000.0
Jake Lacy,28500000.0
Nick Nolte,28000000.0
Kimiko Glenn,27600000.0
Emma Roberts,27600000.0
Emily Meade,27600000.0
Natalie Dormer,27600000.0
Juliette Lewis,27600000.0
Tania Raymonde,27200000.0
Scott Eastwood,27200000.0
Dan Yeager,27200000.0
Trey Songz,27200000.0
Joseph Fiennes,26100000.0
Tom Felton,26100000.0
Eddie Marsan,26100000.0
Paddy Considine,26100000.0
Joe Swanberg,25800000.0
Barbara Crampton,25800000.0
Nicholas Tucci,25800000.0
Sharni Vinson,25800000.0
AJ Bowen,25800000.0
Chris Diamantopoulos,24800000.0
Jane Lynch,24800000.0
Will Sasso,24800000.0
Larry David,24800000.0
Sean Hayes,24800000.0
Toby Stephens,24400000.0
Max Martini,24400000.0
Pablo Schreiber,24400000.0
Robbie Amell,24100000.0
Josh Wiggins,24000000.0
Lauren Graham,24000000.0
Lukas Haas,23900000.0
Ashton Kutcher,23900000.0
Rhys Ifans,23900000.0
Jason Segel,23900000.0
J.K. Simmons,23900000.0
Robert Redford,23800000.0
Jake Abel,23300000.0
Mamie Gummer,23300000.0
Max Irons,23300000.0
Audra McDonald,23300000.0
Kevin Kline,23300000.0
Sean Bridgers,23000000.0
Jacob Tremblay,23000000.0
William H. Macy,23000000.0
Dakota Goyo,22900000.0
Vincent Curatola,22900000.0
Ben Mendelsohn,22900000.0
Josh Hamilton,22900000.0
Nathan Gamble,21800000.0
Hope,21800000.0
Winter,21800000.0
Harry Connick,21800000.0
Brian J. White,21600000.0
Rebecca Romijn,21600000.0
Jamie Kennedy,21600000.0
Thandie Newton,21600000.0
Jane Fonda,21500000.0
Christopher Walken,21400000.0
Sofia Black-D'Elia,21200000.000000004
Grigoriy Dobrygin,21200000.0
Robin Wright,21200000.0
Nina Dobrev,20400000.0
Johnny Simmons,20400000.0
Kristin Scott Thomas,20200000.0
Amr Waked,20200000.0
Dwight Henry,20100000.0
Jaime Pressly,20000000.0
Will Patton,19800000.0
Bill Smitrovich,19800000.0
Barkhad Abdi,19799999.999999996
Alan Rickman,19799999.999999996
Mia Wasikowska,19700000.0
Jim Beaver,19700000.0
Tom Hiddleston,19700000.0
Ray Wise,19400000.0
Terence Stamp,19300000.0
Danny Huston,19300000.0
Sergei Bodrov (director) Ben Barnes,19200000.0
Jeremy Irons,18600000.0
Janis Winehouse,18600000.0
Amy Winehouse,18600000.0
Nick Shymansky,18600000.0
Raye Cosbert,18600000.0
Mitchell Winehouse,18600000.0
Stephan James,18500000.0
Carice van Houten,18500000.0
Ernie Hudson,18500000.0
Melissa Joan Hart,18500000.0
Robin Givens,18500000.0
Stephen Lang,18400000.0
Daniel Zovatto,18400000.0
John Krasinski,17500000.0
Philip Seymour Hoffman,17500000.0
Julia Louis-Dreyfus,17300000.0
Ben Falcone,17300000.0
Diane Keaton,17100000.0
Rufus Sewell,16900000.0
Krysten Ritter,16800000.0
James Gandolfini,16800000.0
Jim Gaffigan,16700000.0
John Carroll Lynch,16700000.0
Jamie Dornan,16600000.0
Parker Posey,16400000.0
Charlotte Le Bon,16200000.0
Laura Dern,15100000.0
Jim Caviezel,15100000.0
Alexander Ludwig,15100000.0
Michael Chiklis,15100000.0
Mimie Ernida,14900000.0
Nora Danish,14900000.0
Shaheizy Sam,14900000.0
Zizan Razak,14900000.0
Wan Hanafi Su,14900000.0
Vince Vaughn,14700000.0
Sean Penn,14400000.0
Rachel Feinstein,14100000.0
Dan Naturman,14100000.0
Genevieve Angelson,14100000.0
Clifton Collins,13500000.0
Dean Norris,12700000.000000004
Chiwetel Ejiofor,12700000.000000004
Joaquin Phoenix,12700000.0
Nina Arianda,12700000.0
Simon Helberg,12700000.0
Dax Shepard,12500000.0
Kristin Chenoweth,12500000.0
Tom Arnold,12500000.0
Mary-Louise Parker,12400000.0
Lennie James,12200000.000000004
Vincent Regan,12200000.000000004
Chad Michael Murray,11600000.0
Nicky Whelan,11600000.0
Cassi Thomson,11600000.0
Jordin Sparks,11600000.0
Claire Julien,11100000.0
Taissa Farmiga,11100000.0
Israel Broussard,11100000.0
Katie Chang,11100000.0
Benjamin Walker,10800000.0
Kevin Connolly,10300000.0
Kevin Dillon,10300000.0
Adrian Grenier,10300000.0
Iko Uwais,10140000.0
Judd Lormand,10100000.0
Spencer Treat Clark,10100000.0
Ashley Bell,10100000.0
Louis Herthum,10100000.0
Muse Watson,10100000.0
Katherine LaNasa,9900000.0
Jonny Weston,9500000.000000004
Jeff Bridges,9500000.0
Michael Lamenda,9100000.0
Vincent Piazza,9100000.0
Erec Bergen,9100000.0
John Lloyd Young,9100000.0
Grace Gummer,8300000.0
Greta Gerwig,8300000.0
Charlotte d'Amboise,8300000.0
Wendi McLendon-Covey,8300000.0
Patrick Heusinger,8300000.0
Cocoa Brown,8300000.0
Cem Yılmaz,8300000.0
Nia Long,8300000.0
Zulay Henao,8300000.0
Yılmaz Erdoğan,8300000.0
Rooney Mara,8200000.0
Cliff Curtis,8100000.0
Yayan Ruhian,8040000.0
Ray Sahetapy,8040000.0
Joe Taslim,8040000.0
Doni Alamsyah,8040000.0
Alice Eve,7800000.0
Danny Glover,7600000.0
Minnie Driver,7600000.0
Gal Gadot,7500000.0
Frank Langella,6900000.0
Sean Astin,6900000.0
David Mazouz,6900000.0
Matt Walsh,6900000.0
Kate Hudson,6700000.0
Christine Taylor,6000000.0
Penélope Cruz,6000000.0
Nicole Kidman,5800000.000000004
Keegan-Michael Key,5700000.0
Jordan Peele,5700000.0
Will Forte,5700000.0
Geoffrey Rush,5700000.0
Gabrielle Union,5700000.0
Method Man,5700000.0
Courtney Eaton,5700000.0
Sarah Drew,5500000.0
Patricia Heaton,5500000.0
Trace Adkins,5500000.0
Donald Faison,5400000.0
Robert Christopher Riley,5400000.0
Cassie Ventura,5400000.0
Dascha Polanco,5400000.0
Terrence J,5400000.0
Valérie Donzelli (director),5000000.0
Billy Bob Thornton,4900000.0
Géza Röhrig,4700000.0
Natalie Martinez,4500000.0
Tom Welling,4500000.0
Dayo Okeniyi,4400000.0
Katherine Waterston,4400000.0
Kaitlyn Dever,4400000.0
Tuppence Middleton,4300000.0
Lee Nicholas Harris,4300000.0
Oliver Jackson-Cohen,3700000.0
Güneş Şensoy,3600000.0
Scoot McNairy,3500000.0
Nelsan Ellis,3400000.0
Brandon Mychal Smith,3400000.0
Jill Scott,3400000.0
Jaimie Alexander,3300000.0
Paul Bettany,3000000.0
J. B. Blanc,2700000.0
James Marsden,2400000.0
Liv Tyler,2400000.0
Jon Hamm,2200000.0
Michel Joelsas,2200000.0
Camila Márdila,2200000.0
Jennifer Westfeldt,2200000.0
Regina Casé,2200000.0
Julie Estelle,2100000.0
Arifin Putra,2100000.0
Tio Pakusadewo,2100000.0
Alex Abbad,2100000.0
David Gyasi,2000000.0
Jim Sturgess,2000000.0
Jan Bijvoet,1400000.0
Antonio Bolívar,1400000.0
Nilbio Torres,1400000.0
Caleb Castille,1400000.0
Nic Bishop,1400000.0
Ronald Cyler II,1100000.0
Mark Hamill,900000.0
Kevin Conroy,900000.0
Tara Strong,900000.0
Michael K. Williams,800000.0
Leonor Varela,800000.0
Jessica Oyelowo,800000.0
Julia Dietze,600000.0
Juliet Stevenson,600000.0
Udo Kier,600000.0
Chris Kirby,600000.0
Max von Sydow,600000.0
Rutger Hauer,600000.0
Priya Darshini,600000.0
Peta Sergeant,600000.0
Gotz Otto,600000.0
Dougray Scott,500000.0
Kathleen Robertson,500000.0
John Patrick Amedori,500000.0
David Bautista,300000.0
Byron Mann,300000.0
Lucy Liu,300000.0
Richard Ayoade,300000.0
Emmy Rossum,100000.0
Alice Englert,100000.0
Judy Greer,0.0
Evan Ross,0.0
AnnaSophia Robb,0.0
François Civil,0.0
Alden Ehrenreich,0.0
Marion Lambert,0.0
Ben Feldman,0.0
Drew Dowdle (screenplay)Perdita Weeks,0.0
Sigurður Sigurjónsson,-10000.0
Michael W. Smith,-200000.0
Dwight Yoakam,-200000.0
Hayden Christensen,-200000.0
Kate Bosworth,-200000.0
Jean Reno,-400000.0
Rachel Nichols,-400000.0
Edward Burns,-400000.0
Bruno Podalydès,-500000.0
Zach Braff,-500000.0
Vimala Pons,-500000.0
Sandrine Kiberlain,-500000.0
Ashley Greene,-500000.0
Mandy Patinkin,-500000.0
Agnès Jaoui,-500000.0
Allie DeBerry,-800000.0
Gavin Free,-800000.0
Colton Dunn,-800000.0
Burnie Burns,-800000.0
Michael Jones,-800000.0
Connie Britton,-900000.0
James Brolin,-1100000.0
Josh Stewart,-1100000.0
Lou Diamond Phillips,-1100000.0
Justin Long,-1100000.0
Haley Joel Osment,-1100000.0
Michael Parks,-1100000.0
Emma Fitzpatrick,-1100000.0
Génesis Rodríguez,-1100000.0
Sarah Clarke,-1580000.0
Laurence Fishburne,-1580000.0
Sherri Shepherd,-1700000.0
Al Pacino,-1800000.000000001
Annette Bening,-1800000.000000001
Christopher Plummer,-1800000.000000001
America Olivo,-1900000.0
Derek Magyar,-1900000.0
Lindsey Shaw,-1900000.0
Steve Coogan,-2300000.0
Joanna Vanderham,-2300000.0
Onata Aprile,-2300000.0
Jakob Salvati,-2500000.0
Ted Levine,-2500000.0
Jason Dohring,-2500000.0
Emily Watson,-2500000.0
Francis Capra,-2500000.0
Ryan Hansen,-2500000.0
Thomas McDonell,-2600000.0
Victoria Justice,-2600000.0
Aurora Perrineau,-2700000.0
Hayley Kiyoko,-2700000.0
Aubrey Peeples,-2700000.0
Rami Malek,-3000000.0
Keith Carradine,-3000000.0
Debbie Reynolds,-3100000.0
Sigourney Weaver,-3100000.0
Jason O'Mara,-3100000.0
Veronica Echegui,-3100000.0
Roschoy Zem,-3100000.0
Daniel Sunjata,-3100000.0
Josh Holloway,-3500000.0
Adam Driver,-3500000.0
Laz Alonso,-3500000.0
Chris Brown,-3500000.0
Caity Lotz,-3500000.0
David Warshofsky,-3700000.0
Jesse Plemons,-3700000.0
Jamie Chung,-3900000.0
Dania Ramirez,-3900000.0
Wole Parks,-3900000.0
Julia Ormond,-4100000.0
Ellen Page,-4100000.0
Brit Marling,-4100000.0
Elisabeth Moss,-4200000.0
Dennis Quaid,-4200000.0
Jon Voight,-4800000.0
Topher Grace,-5100000.0
Sam Reid,-5200000.0
Richard Dormer,-5200000.0
Sean Harris,-5200000.0
Winona Ryder,-5600000.0
Morgan Land (screenplay),-5600000.0
Andrew Scott,-5800000.0
Tom Holland,-6100000.0
Cillian Murphy,-6100000.0
James Maslow,-6200000.0
Niels Arestrup,-6700000.0
Mélanie Laurent,-6700000.0
Melvil Poupaud,-6700000.0
Frances McDormand,-6900000.0
Anne-Marie Duff,-6900000.0
James Arnold Taylor,-7200000.0
Daniela Ruah,-7600000.0
Cuba Gooding Jr.,-7600000.0
Lucy Fry,-7700000.0
Alessandro Nivola,-8000000.0
Roxanne McKee,-8700000.0
Scott Adkins,-8700000.0
Gaia Weiss,-8700000.0
Liam Garrigan,-8700000.0
Kellan Lutz,-8700000.0
Diane Kruger,-9000000.0
Akiva Schaffer,-10500000.0
Andy Samberg (screenplay),-10500000.0
Jorma Taccone,-10500000.0
Malin Akerman,-10800000.0
Ken Marino,-10800000.0
Justin Theroux,-10800000.0
Malina Weissman,-10900000.0
Justin Timberlake,-11000000.0
Matthew Lillard,-11000000.0
Clint Eastwood,-11000000.0
Peter Sarsgaard,-11200000.0
Adam Greaves-Neal,-11300000.0
Scott Caan,-11600000.0
Zooey Deschanel,-11600000.0
Lily James,-11600000.000000002
Matt Smith,-11600000.000000002
Sam Riley,-11600000.000000002
Abigail Spencer,-11700000.0
Kirsten Dunst,-11800000.0
Wade Barrett,-11900000.0
Douglas Booth,-12000000.0
Lesley Manville,-12000000.0
Damian Lewis,-12000000.0
Natascha McElhone,-12000000.0
Oliver Platt,-13000000.0
Aubrey Plaza,-13000000.0
Ashley Judd,-13200000.0
Seth Green,-13200000.0
Joe Pantoliano,-13200000.0
Holly Hunter,-13600000.0
Lily Rabe,-13600000.0
Rosie Perez,-13600000.0
Michael Stuhlbarg,-13600000.0
Zoey Deutch,-14600000.0
Danila Kozlovsky,-14600000.0
Ana de Armas,-15600000.0
Julianne Hough,-15600000.0
Diego Boneta,-15600000.0
Russell Brand,-15600000.0
Javier Bardem,-15800000.0
Will Yun Lee,-16900000.0
Adrianne Palicki,-16900000.0
Joe Manganiello,-17500000.0
Olivia Williams,-17500000.0
Rosario Dawson,-17700000.0
Michael Reilly Burke,-17800000.0
Sarah Bolger,-17800000.0
Finn Wittrock,-17800000.0
Robin Tunney,-17800000.0
Kerry Washington,-18000000.0
Eddie Murphy,-18000000.0
Ellen Barkin,-18300000.0
Usher,-18300000.0
Chazz Palminteri,-18900000.0
Cloris Leachman,-18900000.0
Toni Braxton,-18900000.0
Christopher Lloyd,-18900000.0
Cary Elwes,-18900000.0
Ann Dowd,-19400000.0
Terrence Howard,-19500000.0
Josh Peck,-20400000.0
Levi Miller,-21600000.0
Noah Emmerich,-22000000.0
Natalie Portman,-22000000.0
Jessica Alba,-23500000.0
Powers Boothe,-25600000.0
Gugu Mbatha-Raw,-27900000.0
Mahershala Ali,-28800000.0
Art Parkinson,-32400000.0
Michelle Yeoh,-32500000.0
Sung Kang,-33100000.0
Adewale Akinnuoye-Agbaje,-33100000.0
Religious Slater,-33100000.0
Sarah Shahi,-33100000.0
Jessica Brown Findlay,-34700000.0
John Ortiz,-44200000.0
Kevin Bacon,-44800000.0
Yorick van Wageningen,-50300000.0
Tang Wei,-50300000.0
Stephanie Szostak,-51700000.0
Nazanin Boniadi,-58600000.0
Jack Huston,-58600000.0
